"Keyword","Word Count","Search Volume","Keyword Difficulty","Frequency","Frequency (google.de)","Language (DE)","Language (EN)","Language (ES)","Language (FR)","Language (IT)"
"informationen verwalten",2,0,,564,564,564,0,0,0,0
"data protection declaration",3,6,30,529,529,89,432,0,8,0
"gordon house",2,19,28,321,321,302,17,0,2,0
"barrow street",2,16,26,305,305,286,17,0,2,0
"privacy shield",2,29,38,169,169,105,62,0,0,2
"amazon eu",2,40,36,167,167,167,0,0,0,0
"google web fonts",3,40,28,160,160,40,114,1,3,2
"finden sie",2,8,65,157,157,157,0,0,0,0
"web fonts",2,39,42,147,147,26,117,0,4,0
"den usa",2,8,50,131,131,131,0,0,0,0
"user data",2,25,61,118,118,4,114,0,0,0
"google adwords",2,76,61,108,108,22,84,0,1,1
"data subject",2,19,36,97,97,2,95,0,0,0
"google ireland limited",3,22,12,93,93,85,8,0,0,0
"im folgenden",2,29,19,92,92,92,0,0,0,0
"klicken sie hier",3,0,,90,90,90,0,0,0,0
"google conversion tracking",3,17,17,82,82,6,75,0,1,0
"alle rechte vorbehalten",3,16,23,73,73,72,1,0,0,0
"google analytics code",3,38,33,70,70,2,67,0,1,0
"google tag manager",3,61,51,66,66,4,62,0,0,0
"größere kartenansicht",2,0,,64,64,64,0,0,0,0
"auf dieser website",3,0,,63,63,63,0,0,0,0
"google ireland",2,29,24,59,59,47,11,0,1,0
"youtube account",2,44,31,58,58,7,51,0,0,0
"california ave",2,11,37,57,57,49,3,1,4,0
"de internet",2,8,69,57,57,57,0,0,0,0
"de tel",2,0,,57,57,54,3,0,0,0
"de lage",2,7,47,55,55,55,0,0,0,0
"sozialen medien",2,12,28,51,51,51,0,0,0,0
"cookies deaktivieren",2,6,19,50,50,50,0,0,0,0
"setting options",2,0,,46,46,0,46,0,0,0
"google fonts",2,77,43,45,45,30,15,0,0,0
"de web",2,17,75,40,40,40,0,0,0,0
"based advertising",2,0,,39,39,0,39,0,0,0
"conversion tracking",2,24,32,38,38,0,38,0,0,0
"google doubleclick",2,30,24,38,38,7,31,0,0,0
"bitte beachten sie",3,6,34,38,38,38,0,0,0,0
"privacy instagram",2,12,22,36,36,20,4,1,8,3
"externer link",2,0,,35,35,35,0,0,0,0
"privacy fg",2,0,,35,35,34,1,0,0,0
"youtube privacy policy",3,23,26,34,34,0,34,0,0,0
"html google",2,13,51,33,33,28,5,0,0,0
"mail senden",2,0,,33,33,33,0,0,0,0
"vielen dank",2,42,48,33,33,33,0,0,0,0
"deutschland telefon",2,6,31,32,32,32,0,0,0,0
"impressum datenschutz",2,0,,32,32,32,0,0,0,0
"based ads",2,0,,30,30,0,30,0,0,0
"der google",2,0,,30,30,29,1,0,0,0
"google webfonts",2,29,20,30,30,30,0,0,0,0
"legal basis",2,23,29,30,30,0,30,0,0,0
"google recaptcha",2,48,39,29,29,13,14,0,1,1
"kontaktieren sie uns",3,12,48,29,29,29,0,0,0,0
"wir freuen uns auf sie",5,0,,29,29,29,0,0,0,0
"google terms",2,17,26,28,28,2,26,0,0,0
"de info",2,0,,27,27,25,1,0,0,1
"privacy facebook",2,15,35,27,27,25,2,0,0,0
"social plugins",2,12,49,27,27,12,15,0,0,0
"weitere informationen",2,11,50,27,27,27,0,0,0,0
"block cookies",2,19,31,26,26,0,26,0,0,0
"wir freuen uns auf ihren besuch",6,11,34,26,26,26,0,0,0,0
"hier klicken",2,8,67,25,25,25,0,0,0,0
"ads link",2,8,29,23,23,0,23,0,0,0
"können sie",2,10,59,23,23,23,0,0,0,0
"ich stimme zu",3,11,17,23,23,23,0,0,0,0
"internet browser",2,42,44,22,22,0,22,0,0,0
"mit dem auto",3,0,,22,22,22,0,0,0,0
"web analysis service",3,0,,22,22,1,21,0,0,0
"advertising purposes",2,0,,21,21,0,21,0,0,0
"cookie setzen",2,6,11,21,21,21,0,0,0,0
"die google",2,7,35,21,21,21,0,0,0,0
"php twitter",2,8,57,21,21,5,4,1,8,3
"suche nach",2,0,,21,21,21,0,0,0,0
"social media plugins",3,10,31,21,21,0,17,2,2,0
"diese website benutzt google analytics",5,0,,21,21,21,0,0,0,0
"google ads",2,73,49,20,20,6,14,0,0,0
"google remarketing",2,30,35,20,20,4,16,0,0,0
"map foundation",2,10,30,20,20,20,0,0,0,0
"zu finden",2,8,45,20,20,20,0,0,0,0
"internet browsers",2,34,36,19,19,0,19,0,0,0
"person concerned",2,7,20,19,19,0,19,0,0,0
"wir freuen uns",3,11,43,19,19,19,0,0,0,0
"vielen dank für ihr verständnis",5,22,12,19,19,18,1,0,0,0
"de adresse",2,0,,18,18,18,0,0,0,0
"de kontakt",2,0,,18,18,18,0,0,0,0
"ihre nachricht",2,11,35,18,18,18,0,0,0,0
"individual cases",2,7,22,18,18,0,18,0,0,0
"san bruno",2,40,46,18,18,17,1,0,0,0
"google adsense",2,78,50,17,17,5,12,0,0,0
"privacy google",2,18,33,17,17,14,3,0,0,0
"privacy youtube",2,7,20,17,17,13,4,0,0,0
"data privacy statement",3,11,37,17,17,1,16,0,0,0
"finden sie hier",3,0,,17,17,17,0,0,0,0
"google adwords conversion",3,0,,17,17,17,0,0,0,0
"de mo",2,0,,16,16,16,0,0,0,0
"information visit",2,0,,16,16,0,16,0,0,0
"data privacy policy",3,17,36,16,16,1,15,0,0,0
"web analytics service",3,7,15,16,16,0,16,0,0,0
"amphitheatre parkway",2,15,13,15,15,14,1,0,0,0
"de google",2,16,61,15,15,11,3,0,1,0
"io slither",2,24,39,15,15,0,15,0,0,0
"mehr erfahren",2,16,49,15,15,15,0,0,0,0
"party providers",2,0,,15,15,0,15,0,0,0
"settings options",2,0,,15,15,1,14,0,0,0
"haben sie fragen",3,7,30,15,15,15,0,0,0,0
"social network facebook",3,13,30,15,15,1,14,0,0,0
"dass sie",2,0,,14,14,14,0,0,0,0
"nach oben",2,0,,14,14,13,1,0,0,0
"php google",2,8,56,14,14,13,1,0,0,0
"unmittelbarer nähe",2,0,,14,14,14,0,0,0,0
"verwendet werden",2,0,,14,14,14,0,0,0,0
"wenn sie",2,0,,14,14,14,0,0,0,0
"facebook ireland limited",3,15,20,14,14,10,4,0,0,0
"secure socket layer",3,34,23,14,14,14,0,0,0,0
"ihr weg zu uns",4,0,,14,14,14,0,0,0,0
"custom audiences",2,18,24,13,13,13,0,0,0,0
"der nähe",2,0,,13,13,13,0,0,0,0
"facebook social",2,17,52,13,13,13,0,0,0,0
"google dublin",2,25,22,13,13,11,2,0,0,0
"über uns",2,0,,13,13,13,0,0,0,0
"schreiben sie uns",3,8,42,13,13,13,0,0,0,0
"weitere informationen dazu",3,0,,13,13,13,0,0,0,0
"germany telefon",2,0,,12,12,11,1,0,0,0
"impressum datenschutzerklärung",2,0,,12,12,12,0,0,0,0
"legal age",2,26,55,12,12,0,12,0,0,0
"mail schreiben",2,0,,12,12,12,0,0,0,0
"personenbezogene daten",2,19,27,12,12,12,0,0,0,0
"sozialen netzwerken",2,7,38,12,12,12,0,0,0,0
"google maps öffnen",3,0,,12,12,12,0,0,0,0
"de website",2,0,,11,11,10,1,0,0,0
"disabling cookies",2,7,13,11,11,1,10,0,0,0
"goog le",2,27,17,11,11,11,0,0,0,0
"st cajetan",2,17,18,11,11,11,0,0,0,0
"wei te",2,0,,11,11,11,0,0,0,0
"data protection information",3,0,,11,11,0,11,0,0,0
"data protection overview",3,0,,11,11,0,9,1,1,0
"data protection provisions",3,0,,11,11,0,11,0,0,0
"google analytics deaktivieren",3,13,15,11,11,11,0,0,0,0
"weitere informationen finden sie hier",5,0,,11,11,11,0,0,0,0
"advertising technologies",2,9,29,10,10,2,8,0,0,0
"die usa",2,12,44,10,10,10,0,0,0,0
"google books",2,74,51,10,10,3,6,0,1,0
"hereinafter referred",2,7,21,10,10,0,10,0,0,0
"herzlich willkommen",2,37,69,10,10,10,0,0,0,0
"legitimate interest",2,11,20,10,10,1,9,0,0,0
"mail adresse",2,21,44,10,10,10,0,0,0,0
"main telefon",2,8,16,10,10,10,0,0,0,0
"party cookies",2,0,,10,10,0,10,0,0,0
"policy youtube",2,9,23,10,10,8,2,0,0,0
"st julian",2,21,35,10,10,8,2,0,0,0
"youtube llc",2,19,26,10,10,6,4,0,0,0
"montag bis freitag",3,0,,10,10,10,0,0,0,0
"wir sind für sie da",5,7,31,10,10,10,0,0,0,0
"deactivation page",2,6,13,9,9,0,9,0,0,0
"der datenschutz",2,0,,9,9,9,0,0,0,0
"facebook ireland",2,21,28,9,9,6,3,0,0,0
"facebook pixel",2,53,31,9,9,6,3,0,0,0
"future transmission",2,0,,9,9,0,9,0,0,0
"google conversion",2,27,24,9,9,7,1,1,0,0
"google translate",2,98,61,9,9,7,2,0,0,0
"legitimate interests",2,0,,9,9,0,9,0,0,0
"microsoft edge",2,59,43,9,9,9,0,0,0,0
"mit der",2,0,,9,9,9,0,0,0,0
"privacy newsletter",2,0,,9,9,6,3,0,0,0
"route berechnen",2,24,35,9,9,9,0,0,0,0
"social plug",2,9,20,9,9,6,3,0,0,0
"vous avez",2,23,63,9,9,0,0,0,9,0
"zwei jahren",2,0,,9,9,9,0,0,0,0
"data protection regulations",3,7,25,9,9,0,9,0,0,0
"klicken sie bitte hier",4,0,,9,9,9,0,0,0,0
"barrow st",2,6,20,8,8,8,0,0,0,0
"data transfer",2,35,55,8,8,0,8,0,0,0
"datenschutz impressum",2,0,,8,8,8,0,0,0,0
"de email",2,16,56,8,8,8,0,0,0,0
"de und",2,0,,8,8,8,0,0,0,0
"die auf",2,0,,8,8,8,0,0,0,0
"information google",2,8,34,8,8,0,8,0,0,0
"jetzt anrufen",2,0,,8,8,8,0,0,0,0
"log files",2,26,51,8,8,7,1,0,0,0
"manage information",2,9,32,8,8,0,8,0,0,0
"privacy linkedin",2,0,,8,8,5,3,0,0,0
"privacy practices",2,0,,8,8,0,8,0,0,0
"rechtliche hinweise",2,7,51,8,8,8,0,0,0,0
"route planen",2,17,35,8,8,8,0,0,0,0
"route planner",2,46,53,8,8,1,7,0,0,0
"von der",2,11,71,8,8,8,0,0,0,0
"youtube google",2,55,50,8,8,7,1,0,0,0
"zu fuß",2,0,,8,8,8,0,0,0,0
"es sei denn",3,21,21,8,8,8,0,0,0,0
"raccolta dei dati",3,0,,8,8,0,0,0,0,8
"benutzername vergessen",2,0,,7,7,7,0,0,0,0
"center usa",2,7,43,7,7,7,0,0,0,0
"configuration options",2,8,30,7,7,0,7,0,0,0
"das sind",2,7,54,7,7,7,0,0,0,0
"data policy",2,19,45,7,7,0,7,0,0,0
"data transmission",2,33,40,7,7,2,5,0,0,0
"data usage",2,37,41,7,7,0,7,0,0,0
"de facebook",2,16,64,7,7,7,0,0,0,0
"de youtube",2,19,54,7,7,6,1,0,0,0
"der facebook",2,0,,7,7,7,0,0,0,0
"der von",2,0,,7,7,7,0,0,0,0
"die natur",2,13,48,7,7,7,0,0,0,0
"die qualität",2,0,,7,7,7,0,0,0,0
"facebook ist",2,0,,7,7,7,0,0,0,0
"google services",2,44,44,7,7,1,6,0,0,0
"graphic content",2,26,32,7,7,0,7,0,0,0
"kontakt adresse",2,0,,7,7,7,0,0,0,0
"kontakt info",2,7,44,7,7,7,0,0,0,0
"montag freitag",2,7,23,7,7,7,0,0,0,0
"newsletter abonnieren",2,12,48,7,7,7,0,0,0,0
"outdated browser",2,10,26,7,7,0,7,0,0,0
"poli cies",2,0,,7,7,6,1,0,0,0
"service gmbh",2,0,,7,7,7,0,0,0,0
"sie können",2,0,,7,7,7,0,0,0,0
"wir haben",2,7,52,7,7,7,0,0,0,0
"bangkok russian escorts",3,10,15,7,7,0,7,0,0,0
"data protection statement",3,6,31,7,7,0,7,0,0,0
"disable google analytics",3,7,11,7,7,1,6,0,0,0
"google analytics remarketing",3,10,15,7,7,0,7,0,0,0
"google dynamic remarketing",3,16,39,7,7,7,0,0,0,0
"google partner network",3,0,,7,7,0,7,0,0,0
"google universal analytics",3,18,21,7,7,1,6,0,0,0
"mit öffentlichen verkehrsmitteln",3,0,,7,7,7,0,0,0,0
"zur verfügung gestellt",3,0,,7,7,7,0,0,0,0
"diese webseite verwendet cookies",4,8,9,7,7,7,0,0,0,0
"vereinigte staaten von amerika",4,21,42,7,7,7,0,0,0,0
"wir beraten sie gerne",4,0,,7,7,7,0,0,0,0
"analytics terms",2,8,31,6,6,0,6,0,0,0
"auf google",2,0,,6,6,6,0,0,0,0
"browser software",2,21,38,6,6,0,6,0,0,0
"business centre",2,27,53,6,6,4,2,0,0,0
"continuous optimization",2,17,22,6,6,1,5,0,0,0
"de karte",2,6,50,6,6,6,0,0,0,0
"der straße",2,6,47,6,6,6,0,0,0,0
"des unternehmens",2,6,38,6,6,6,0,0,0,0
"dienstleister finden",2,0,,6,6,6,0,0,0,0
"dipl ing",2,27,49,6,6,6,0,0,0,0
"einstellungen ändern",2,0,,6,6,6,0,0,0,0
"google privacy",2,33,33,6,6,3,2,0,0,1
"html facebook",2,15,54,6,6,0,6,0,0,0
"javascript blocker",2,16,12,6,6,0,6,0,0,0
"javascript code",2,38,47,6,6,0,6,0,0,0
"kein problem",2,27,35,6,6,6,0,0,0,0
"mehr informationen",2,0,,6,6,6,0,0,0,0
"menu items",2,20,50,6,6,6,0,0,0,0
"mit uns",2,13,50,6,6,6,0,0,0,0
"net hosting",2,20,54,6,6,6,0,0,0,0
"noch fragen",2,25,37,6,6,6,0,0,0,0
"passwort vergessen",2,19,62,6,6,6,0,0,0,0
"ssl encryption",2,32,51,6,6,1,5,0,0,0
"tracking tags",2,10,28,6,6,0,6,0,0,0
"tracking tools",2,15,38,6,6,0,6,0,0,0
"ulteriori informazioni",2,0,,6,6,0,0,0,0,6
"und youtube",2,8,40,6,6,6,0,0,0,0
"user behaviour",2,11,22,6,6,0,6,0,0,0
"von facebook",2,0,,6,6,6,0,0,0,0
"bahn und bus",3,6,42,6,6,6,0,0,0,0
"data protection policy",3,23,41,6,6,1,5,0,0,0
"datenschutzerklärung google analytics",3,0,,6,6,6,0,0,0,0
"fragen sie uns",3,0,,6,6,6,0,0,0,0
"google custom search",3,40,31,6,6,3,3,0,0,0
"google display network",3,40,24,6,6,0,6,0,0,0
"google marketing platform",3,39,23,6,6,2,2,1,1,0
"manage website tags",3,0,,6,6,0,6,0,0,0
"zum inhalt springen",3,0,,6,6,6,0,0,0,0
"bing universal event tracking",4,9,8,6,6,6,0,0,0,0
"diese website verwendet cookies",4,7,18,6,6,6,0,0,0,0
"federal data protection act",4,9,11,6,6,0,6,0,0,0
"rue godot de mauroy",4,0,,6,6,3,0,1,1,1
"baltic sea",2,48,49,5,5,0,5,0,0,0
"bei google",2,0,,5,5,5,0,0,0,0
"bitte beachten",2,8,36,5,5,5,0,0,0,0
"crazy egg",2,41,24,5,5,0,5,0,0,0
"criteo gmbh",2,6,6,5,5,1,4,0,0,0
"data received",2,10,24,5,5,0,5,0,0,0
"data subjects",2,0,,5,5,0,5,0,0,0
"de homepage",2,0,,5,5,5,0,0,0,0
"de online",2,33,78,5,5,5,0,0,0,0
"de phone",2,0,,5,5,0,4,0,1,0
"de service",2,10,77,5,5,5,0,0,0,0
"die möglichkeit",2,6,30,5,5,5,0,0,0,0
"display advertising",2,36,45,5,5,1,4,0,0,0
"facebook remarketing",2,26,25,5,5,2,3,0,0,0
"feed wordpress",2,12,41,5,5,5,0,0,0,0
"für sie",2,18,62,5,5,5,0,0,0,0
"general handling",2,0,,5,5,1,4,0,0,0
"google optimize",2,45,26,5,5,5,0,0,0,0
"google routenplaner",2,30,21,5,5,5,0,0,0,0
"integrated components",2,9,35,5,5,0,5,0,0,0
"karte anzeigen",2,0,,5,5,5,0,0,0,0
"kontakt telefon",2,8,37,5,5,5,0,0,0,0
"linkedin corporation",2,31,22,5,5,2,3,0,0,0
"mail office",2,27,40,5,5,3,2,0,0,0
"mit hilfe",2,23,45,5,5,5,0,0,0,0
"privacy overview",2,0,,5,5,0,5,0,0,0
"view google",2,8,56,5,5,0,5,0,0,0
"web analysis",2,22,47,5,5,0,5,0,0,0
"zu erreichen",2,7,40,5,5,5,0,0,0,0
"zu gewährleisten",2,0,,5,5,5,0,0,0,0
"öffentliche verkehrsmittel",2,22,,5,5,5,0,0,0,0
"über google",2,0,,5,5,5,0,0,0,0
"application programming interface",3,38,34,5,5,5,0,0,0,0
"de google maps",3,6,36,5,5,5,0,0,0,0
"facebook custom audiences",3,24,20,5,5,5,0,0,0,0
"für weitere informationen",3,7,28,5,5,5,0,0,0,0
"google analytics bedingungen",3,0,,5,5,5,0,0,0,0
"google analytics datenschutzerklärung",3,0,,5,5,5,0,0,0,0
"html google analytics",3,0,,5,5,1,4,0,0,0
"mit der bahn",3,7,44,5,5,5,0,0,0,0
"social networks facebook",3,0,,5,5,0,5,0,0,0
"web analytics tool",3,20,21,5,5,2,3,0,0,0
"wir über uns",3,0,,5,5,5,0,0,0,0
"cherry ave san bruno",4,7,14,5,5,4,1,0,0,0
"google adwords conversion tracking",4,14,16,5,5,0,5,0,0,0
"10th floor",2,14,,4,4,2,0,1,0,1
"account settings",2,33,51,4,4,0,4,0,0,0
"adobe typekit",2,48,18,4,4,0,4,0,0,0
"amphitheatre pkwy",2,7,10,4,4,4,0,0,0,0
"analysis service",2,7,44,4,4,0,4,0,0,0
"analysis tool",2,15,42,4,4,0,4,0,0,0
"auf den",2,8,63,4,4,4,0,0,0,0
"auf der",2,6,71,4,4,4,0,0,0,0
"aus gründen",2,0,,4,4,4,0,0,0,0
"based design",2,0,,4,4,0,4,0,0,0
"beachten sie",2,0,,4,4,4,0,0,0,0
"befindet sich",2,8,41,4,4,4,0,0,0,0
"bing ads",2,52,35,4,4,3,1,0,0,0
"bitte klicken",2,0,,4,4,4,0,0,0,0
"browser plug",2,0,,4,4,0,4,0,0,0
"browser settings",2,23,27,4,4,2,2,0,0,0
"campaign manager",2,34,43,4,4,1,3,0,0,0
"continuously improve",2,6,20,4,4,0,4,0,0,0
"cumberland place",2,11,24,4,4,3,1,0,0,0
"das bedeutet",2,10,32,4,4,4,0,0,0,0
"das heißt",2,21,30,4,4,4,0,0,0,0
"dass diese",2,0,,4,4,4,0,0,0,0
"datenschutz google",2,0,,4,4,4,0,0,0,0
"de gps",2,0,,4,4,4,0,0,0,0
"de support",2,10,64,4,4,4,0,0,0,0
"der regel",2,6,31,4,4,4,0,0,0,0
"deutschland kontakt",2,0,,4,4,4,0,0,0,0
"disable google",2,9,27,4,4,0,4,0,0,0
"english version",2,26,60,4,4,4,0,0,0,0
"erfahren sie",2,0,,4,4,4,0,0,0,0
"externe links",2,0,,4,4,4,0,0,0,0
"facebook connect",2,29,67,4,4,2,1,0,1,0
"facebook plugin",2,37,29,4,4,1,3,0,0,0
"fenian street",2,8,10,4,4,3,1,0,0,0
"firefox browser",2,42,37,4,4,1,3,0,0,0
"google datenschutzerklärung",2,0,,4,4,4,0,0,0,0
"google web",2,46,53,4,4,4,0,0,0,0
"ihre ip",2,0,,4,4,4,0,0,0,0
"ihrer seite",2,0,,4,4,4,0,0,0,0
"jetzt registrieren",2,0,,4,4,4,0,0,0,0
"legal department",2,26,35,4,4,4,0,0,0,0
"legal privacy",2,7,59,4,4,4,0,0,0,0
"location data",2,20,39,4,4,0,4,0,0,0
"mail service",2,27,51,4,4,4,0,0,0,0
"mit dem",2,10,68,4,4,4,0,0,0,0
"mit google",2,11,44,4,4,4,0,0,0,0
"newsletter anmeldung",2,14,53,4,4,4,0,0,0,0
"niedersachsen intimes",2,0,,4,4,4,0,0,0,0
"prevent cookies",2,0,,4,4,1,3,0,0,0
"privacy settings",2,30,41,4,4,0,4,0,0,0
"privacy web",2,7,49,4,4,3,0,0,1,0
"processed information",2,7,16,4,4,0,4,0,0,0
"seite bearbeiten",2,0,,4,4,4,0,0,0,0
"seite besuchen",2,0,,4,4,4,0,0,0,0
"sie haben",2,9,46,4,4,4,0,0,0,0
"sie suchen",2,0,,4,4,4,0,0,0,0
"siehe auch",2,0,,4,4,4,0,0,0,0
"sind wir",2,0,,4,4,4,0,0,0,0
"social plugin",2,20,57,4,4,2,2,0,0,0
"source web",2,9,61,4,4,4,0,0,0,0
"text files",2,19,39,4,4,0,4,0,0,0
"usa kennzeichen",2,0,,4,4,4,0,0,0,0
"verbindung setzen",2,0,,4,4,4,0,0,0,0
"vertreten durch",2,7,28,4,4,4,0,0,0,0
"video portal",2,23,52,4,4,0,4,0,0,0
"viel spaß",2,25,40,4,4,4,0,0,0,0
"vimeo llc",2,10,14,4,4,1,3,0,0,0
"vorname nachname",2,20,46,4,4,4,0,0,0,0
"zu schützen",2,0,,4,4,4,0,0,0,0
"zur verfügung",2,0,,4,4,4,0,0,0,0
"über nn",2,0,,4,4,4,0,0,0,0
"auf unserer website",3,6,35,4,4,4,0,0,0,0
"bleiben sie gesund",3,0,,4,4,4,0,0,0,0
"content delivery network",3,37,43,4,4,0,4,0,0,0
"erecht24 facebook datenschutzerklärung",3,0,,4,4,4,0,0,0,0
"facebook und twitter",3,0,,4,4,4,0,0,0,0
"google analytics cookies",3,20,14,4,4,0,4,0,0,0
"google scholar profile",3,33,23,4,4,0,4,0,0,0
"informativa sulla privacy",3,7,44,4,4,0,0,0,0,4
"klicke bitte hier",3,0,,4,4,4,0,0,0,0
"payment service provider",3,24,32,4,4,0,4,0,0,0
"website google analytics",3,0,,4,4,0,4,0,0,0
"zurück zur startseite",3,0,,4,4,4,0,0,0,0
"auf der linken seite",4,6,21,4,4,4,0,0,0,0
"google global site tag",4,11,14,4,4,0,4,0,0,0
"haben sie noch fragen",4,9,18,4,4,4,0,0,0,0
"ich bin damit einverstanden",4,7,10,4,4,4,0,0,0,0
"ab sofort",2,21,52,3,3,3,0,0,0,0
"ad manager",2,40,36,3,3,0,1,1,1,0
"adobe analytics",2,40,39,3,3,3,0,0,0,0
"ads data",2,9,39,3,3,0,3,0,0,0
"allgemeine geschäftsbedingungen",2,0,,3,3,3,0,0,0,0
"alta badia",2,31,45,3,3,1,0,0,0,2
"auf draht",2,0,,3,3,3,0,0,0,0
"bad sobernheim",2,23,37,3,3,3,0,0,0,0
"bad soden",2,26,39,3,3,3,0,0,0,0
"befinden sich",2,7,36,3,3,3,0,0,0,0
"bei der",2,6,67,3,3,3,0,0,0,0
"bei facebook",2,6,57,3,3,3,0,0,0,0
"birger jarlsgatan",2,21,21,3,3,0,3,0,0,0
"car park",2,40,57,3,3,0,3,0,0,0
"chrome firefox",2,20,38,3,3,3,0,0,0,0
"conditions générales",2,8,52,3,3,0,0,0,3,0
"cookie banner",2,23,44,3,3,1,2,0,0,0
"das google",2,6,32,3,3,3,0,0,0,0
"das online",2,0,,3,3,3,0,0,0,0
"dass facebook",2,9,16,3,3,3,0,0,0,0
"dass ich",2,8,41,3,3,3,0,0,0,0
"datenschutzerklärung google",2,0,,3,3,3,0,0,0,0
"de amp",2,0,,3,3,3,0,0,0,0
"de en",2,0,,3,3,3,0,0,0,0
"de fax",2,0,,3,3,3,0,0,0,0
"de home",2,10,80,3,3,3,0,0,0,0
"de login",2,24,77,3,3,3,0,0,0,0
"de maps",2,9,55,3,3,3,0,0,0,0
"de mobil",2,12,51,3,3,3,0,0,0,0
"de plan",2,7,65,3,3,1,2,0,0,0
"de post",2,26,65,3,3,3,0,0,0,0
"de presse",2,0,,3,3,3,0,0,0,0
"de webseite",2,0,,3,3,3,0,0,0,0
"dealer search",2,31,55,3,3,0,3,0,0,0
"den datenschutz",2,0,,3,3,3,0,0,0,0
"den website",2,9,38,3,3,3,0,0,0,0
"der pfalz",2,6,45,3,3,3,0,0,0,0
"der schweiz",2,18,63,3,3,3,0,0,0,0
"der stadt",2,12,65,3,3,3,0,0,0,0
"der woche",2,9,56,3,3,3,0,0,0,0
"die eu",2,10,49,3,3,3,0,0,0,0
"die grünen",2,35,45,3,3,3,0,0,0,0
"die lage",2,13,37,3,3,3,0,0,0,0
"diese website",2,0,,3,3,3,0,0,0,0
"disclaimer liability",2,0,,3,3,3,0,0,0,0
"dr ing",2,25,42,3,3,3,0,0,0,0
"dsgvo datenschutz",2,6,33,3,3,3,0,0,0,0
"einen server",2,0,,3,3,3,0,0,0,0
"electronic gmbh",2,6,53,3,3,3,0,0,0,0
"embedded videos",2,13,27,3,3,0,3,0,0,0
"es handelt",2,0,,3,3,3,0,0,0,0
"ev luth",2,6,52,3,3,3,0,0,0,0
"facebook datenschutzerklärung",2,0,,3,3,3,0,0,0,0
"facebook disclaimer",2,12,16,3,3,3,0,0,0,0
"geben sie",2,0,,3,3,3,0,0,0,0
"gesetzlicher vertreter",2,10,13,3,3,3,0,0,0,0
"google building",2,30,31,3,3,3,0,0,0,0
"google firebase",2,46,29,3,3,1,2,0,0,0
"google trends",2,79,38,3,3,3,0,0,0,0
"google twitter",2,33,54,3,3,3,0,0,0,0
"im winter",2,7,52,3,3,3,0,0,0,0
"impressum kontakt",2,0,,3,3,3,0,0,0,0
"internet advertising",2,30,49,3,3,0,3,0,0,0
"ist das",2,0,,3,3,3,0,0,0,0
"javascript snippet",2,11,20,3,3,0,3,0,0,0
"jetzt anfragen",2,7,29,3,3,3,0,0,0,0
"jetzt anmelden",2,11,45,3,3,3,0,0,0,0
"kary mullis",2,32,20,3,3,0,3,0,0,0
"kg friedrich",2,0,,3,3,2,1,0,0,0
"klick mich",2,0,,3,3,3,0,0,0,0
"kontakt hotel",2,7,44,3,3,3,0,0,0,0
"kurhotel fürstenhof",2,0,,3,3,3,0,0,0,0
"le traitement",2,11,44,3,3,0,0,0,3,0
"legally required",2,7,24,3,3,0,3,0,0,0
"link open",2,0,,3,3,3,0,0,0,0
"linkedin ireland",2,11,15,3,3,3,0,0,0,0
"malte helmert",2,9,7,3,3,0,3,0,0,0
"mehr dazu",2,7,34,3,3,3,0,0,0,0
"microsoft advertising",2,24,28,3,3,1,2,0,0,0
"mit bus",2,0,,3,3,3,0,0,0,0
"mitglied werden",2,11,57,3,3,3,0,0,0,0
"nach absprache",2,11,31,3,3,3,0,0,0,0
"navigation system",2,30,78,3,3,1,2,0,0,0
"neues fenster",2,0,,3,3,3,0,0,0,0
"newest version",2,0,,3,3,0,3,0,0,0
"newsletter bestellen",2,0,,3,3,3,0,0,0,0
"openstreetmap contributors",2,8,10,3,3,3,0,0,0,0
"party services",2,12,46,3,3,0,3,0,0,0
"pascal chevalier",2,8,14,3,3,3,0,0,0,0
"php instagram",2,9,46,3,3,1,0,0,2,0
"porous media",2,23,31,3,3,0,3,0,0,0
"praxis dr",2,0,,3,3,3,0,0,0,0
"privacy information",2,11,49,3,3,0,3,0,0,0
"privacy notices",2,7,27,3,3,0,3,0,0,0
"privacy protection",2,24,46,3,3,0,3,0,0,0
"private sphere",2,15,19,3,3,0,3,0,0,0
"pro domain",2,18,32,3,3,3,0,0,0,0
"processed data",2,17,31,3,3,0,3,0,0,0
"read google",2,10,31,3,3,0,3,0,0,0
"script code",2,22,32,3,3,2,1,0,0,0
"secure jobs",2,12,24,3,3,0,3,0,0,0
"sie hier",2,0,,3,3,3,0,0,0,0
"siehe hier",2,0,,3,3,3,0,0,0,0
"social bookmarks",2,15,44,3,3,3,0,0,0,0
"sophie scholl",2,44,30,3,3,3,0,0,0,0
"spotify ab",2,22,16,3,3,0,3,0,0,0
"spotify features",2,18,16,3,3,0,3,0,0,0
"suchen nach",2,9,49,3,3,3,0,0,0,0
"supported browser",2,0,,3,3,0,3,0,0,0
"süddeutsche zeitung",2,0,,3,3,2,1,0,0,0
"twitter bilder",2,0,,3,3,3,0,0,0,0
"twitter plug",2,10,17,3,3,0,3,0,0,0
"und hier",2,0,,3,3,3,0,0,0,0
"unsere internetseite",2,0,,3,3,3,0,0,0,0
"unsere leistungen",2,10,52,3,3,3,0,0,0,0
"usage conditions",2,0,,3,3,0,3,0,0,0
"von art",2,0,,3,3,3,0,0,0,0
"vor allem",2,34,38,3,3,3,0,0,0,0
"web analytics",2,41,53,3,3,0,3,0,0,0
"webedition cms",2,0,,3,3,3,0,0,0,0
"website analysis",2,36,44,3,3,0,3,0,0,0
"website provider",2,9,38,3,3,0,3,0,0,0
"wie sie",2,0,,3,3,3,0,0,0,0
"zoologischer garten",2,25,32,3,3,2,1,0,0,0
"zu erstellen",2,0,,3,3,3,0,0,0,0
"zu setzen",2,0,,3,3,3,0,0,0,0
"zum beispiel",2,27,38,3,3,3,0,0,0,0
"änderungen vorbehalten",2,0,,3,3,3,0,0,0,0
"ads preferences manager",3,0,,3,3,0,3,0,0,0
"bitte hier klicken",3,0,,3,3,3,0,0,0,0
"content delivery networks",3,18,24,3,3,2,1,0,0,0
"data protection centre",3,0,,3,3,0,3,0,0,0
"data protection guidelines",3,7,16,3,3,0,3,0,0,0
"datenschutzerklärung von erecht24",3,0,,3,3,3,0,0,0,0
"die adresse lautet",3,8,8,3,3,3,0,0,0,0
"disclaimer von erecht24",3,0,,3,3,3,0,0,0,0
"download als pdf",3,7,30,3,3,3,0,0,0,0
"dsgvo google analytics",3,7,9,3,3,3,0,0,0,0
"fragen zum datenschutz",3,0,,3,3,3,0,0,0,0
"google maps deutschland",3,14,21,3,3,3,0,0,0,0
"google maps features",3,12,19,3,3,0,3,0,0,0
"google maps service",3,0,,3,3,0,3,0,0,0
"google privacy statement",3,0,,3,3,0,3,0,0,0
"google street view",3,66,49,3,3,3,0,0,0,0
"html social media",3,0,,3,3,2,1,0,0,0
"ich freue mich",3,21,30,3,3,3,0,0,0,0
"mit dem fahrrad",3,7,35,3,3,3,0,0,0,0
"network advertising initiative",3,16,29,3,3,0,3,0,0,0
"online marketing activities",3,0,,3,3,0,3,0,0,0
"open access journals",3,36,50,3,3,3,0,0,0,0
"pour ce faire",3,31,29,3,3,0,0,0,3,0
"privacy shield framework",3,8,15,3,3,0,3,0,0,0
"social media links",3,26,29,3,3,0,3,0,0,0
"spotify music service",3,0,,3,3,0,3,0,0,0
"springer international publishing",3,28,21,3,3,1,2,0,0,0
"termine nach vereinbarung",3,10,12,3,3,3,0,0,0,0
"weitergabe personenbezogener daten",3,0,,3,3,3,0,0,0,0
"wer sind wir",3,8,40,3,3,3,0,0,0,0
"alle angaben ohne gewähr",4,9,21,3,3,3,0,0,0,0
"amphitheatre parkway mountain view",4,8,10,3,3,3,0,0,0,0
"angaben gemäß 5 tmg",4,0,,3,3,3,0,0,0,0
"besuchen sie diese webseite",4,0,,3,3,3,0,0,0,0
"google ads conversion tracking",4,19,12,3,3,0,3,0,0,0
"rund um die uhr",4,13,47,3,3,3,0,0,0,0
"social media videos youtube",4,0,,3,3,3,0,0,0,0
"wir freuen uns sehr",4,7,17,3,3,3,0,0,0,0
"aber auch",2,8,44,2,2,2,0,0,0,0
"abruf info",2,0,,2,2,2,0,0,0,0
"access google",2,13,33,2,2,0,2,0,0,0
"access key",2,20,40,2,2,2,0,0,0,0
"acl anthology",2,22,27,2,2,0,2,0,0,0
"activate cookies",2,9,12,2,2,2,0,0,0,0
"adobe fonts",2,52,31,2,2,0,2,0,0,0
"ads control",2,6,30,2,2,0,2,0,0,0
"ads support",2,9,31,2,2,2,0,0,0,0
"adwords conversion",2,10,22,2,2,1,1,0,0,0
"albisola marina",2,6,28,2,2,1,0,0,0,1
"alle artikel",2,7,56,2,2,2,0,0,0,0
"alles klar",2,31,33,2,2,2,0,0,0,0
"amazon pixel",2,13,26,2,2,0,2,0,0,0
"amtsgericht berlin",2,12,25,2,2,2,0,0,0,0
"andreas wolf",2,20,22,2,2,2,0,0,0,0
"anfrage stellen",2,0,,2,2,2,0,0,0,0
"api requests",2,16,34,2,2,2,0,0,0,0
"app im",2,7,39,2,2,2,0,0,0,0
"application data",2,21,42,2,2,1,1,0,0,0
"application website",2,13,48,2,2,2,0,0,0,0
"auf anfrage",2,11,52,2,2,2,0,0,0,0
"autobahn a72",2,6,8,2,2,2,0,0,0,0
"bad dürkheim",2,30,49,2,2,2,0,0,0,0
"barbara sturm",2,26,25,2,2,2,0,0,0,0
"bell numbers",2,18,19,2,2,0,2,0,0,0
"berliner str",2,8,35,2,2,2,0,0,0,0
"besuch uns",2,0,,2,2,2,0,0,0,0
"bing conversion",2,0,,2,2,2,0,0,0,0
"bing maps",2,63,49,2,2,2,0,0,0,0
"bmw welt",2,33,31,2,2,0,2,0,0,0
"botho strauß",2,0,,2,2,2,0,0,0,0
"bremen city",2,12,32,2,2,2,0,0,0,0
"british stories",2,9,25,2,2,2,0,0,0,0
"broken sword",2,37,34,2,2,1,1,0,0,0
"business google",2,42,45,2,2,2,0,0,0,0
"café schwarzenberg",2,8,10,2,2,0,2,0,0,0
"campus map",2,34,43,2,2,0,2,0,0,0
"career portal",2,36,45,2,2,0,2,0,0,0
"christmas trees",2,43,59,2,2,2,0,0,0,0
"city office",2,20,50,2,2,1,0,0,0,1
"club software",2,6,35,2,2,2,0,0,0,0
"cold fusion",2,42,41,2,2,0,2,0,0,0
"collecting data",2,28,31,2,2,0,2,0,0,0
"company position",2,18,32,2,2,0,2,0,0,0
"concert reviews",2,16,38,2,2,2,0,0,0,0
"conference proceedings",2,32,50,2,2,1,1,0,0,0
"confidential data",2,17,28,2,2,1,1,0,0,0
"control cookies",2,0,,2,2,0,2,0,0,0
"cookies zulassen",2,11,28,2,2,2,0,0,0,0
"customer data",2,23,51,2,2,1,1,0,0,0
"cyber patrol",2,10,19,2,2,0,2,0,0,0
"cycle threshold",2,7,11,2,2,0,2,0,0,0
"dabei sein",2,13,35,2,2,2,0,0,0,0
"dancing bears",2,30,28,2,2,0,2,0,0,0
"danke schön",2,41,11,2,2,2,0,0,0,0
"das gebäude",2,0,,2,2,2,0,0,0,0
"das programm",2,19,48,2,2,2,0,0,0,0
"das recht",2,9,37,2,2,2,0,0,0,0
"das team",2,23,55,2,2,2,0,0,0,0
"dass die",2,0,,2,2,2,0,0,0,0
"dass man",2,0,,2,2,2,0,0,0,0
"dass wir",2,0,,2,2,2,0,0,0,0
"data controller",2,26,31,2,2,0,2,0,0,0
"data portability",2,18,23,2,2,0,2,0,0,0
"data saved",2,6,25,2,2,0,2,0,0,0
"de design",2,10,65,2,2,2,0,0,0,0
"de die",2,6,73,2,2,2,0,0,0,0
"de hamburg",2,0,,2,2,2,0,0,0,0
"de hotel",2,0,,2,2,2,0,0,0,0
"de link",2,16,58,2,2,2,0,0,0,0
"de mail",2,30,54,2,2,2,0,0,0,0
"de store",2,7,68,2,2,2,0,0,0,0
"de urlaub",2,0,,2,2,2,0,0,0,0
"de versand",2,0,,2,2,2,0,0,0,0
"delete cookies",2,34,37,2,2,0,2,0,0,0
"demand information",2,0,,2,2,0,2,0,0,0
"den web",2,0,,2,2,2,0,0,0,0
"departure location",2,8,23,2,2,0,2,0,0,0
"der begriff",2,10,30,2,2,2,0,0,0,0
"der bürgermeister",2,0,,2,2,2,0,0,0,0
"der donau",2,6,51,2,2,2,0,0,0,0
"der firma",2,9,47,2,2,2,0,0,0,0
"der havel",2,0,,2,2,2,0,0,0,0
"der kanzlei",2,0,,2,2,2,0,0,0,0
"der region",2,0,,2,2,2,0,0,0,0
"der verein",2,11,60,2,2,2,0,0,0,0
"der zentrale",2,6,39,2,2,2,0,0,0,0
"deutsche bahn",2,65,49,2,2,2,0,0,0,0
"deutsche nationalbibliothek",2,23,32,2,2,2,0,0,0,0
"deutscher sprache",2,6,42,2,2,2,0,0,0,0
"deutsches museum",2,34,41,2,2,2,0,0,0,0
"di seguito",2,8,30,2,2,0,0,0,0,2
"die app",2,8,44,2,2,2,0,0,0,0
"die daten",2,0,,2,2,2,0,0,0,0
"die software",2,7,44,2,2,2,0,0,0,0
"die stadt",2,17,56,2,2,2,0,0,0,0
"die straße",2,16,39,2,2,2,0,0,0,0
"diese seite",2,6,64,2,2,2,0,0,0,0
"diese sind",2,0,,2,2,2,0,0,0,0
"diese web",2,0,,2,2,2,0,0,0,0
"disable cookies",2,19,21,2,2,1,1,0,0,0
"display adverts",2,7,14,2,2,0,2,0,0,0
"display settings",2,23,31,2,2,0,2,0,0,0
"dorint hotel",2,19,31,2,2,0,2,0,0,0
"doubleclick search",2,21,18,2,2,0,2,0,0,0
"doubleclick studio",2,20,14,2,2,0,2,0,0,0
"durch die",2,6,57,2,2,2,0,0,0,0
"ein online",2,25,48,2,2,2,0,0,0,0
"einen überblick",2,0,,2,2,2,0,0,0,0
"einfluss haben",2,0,,2,2,2,0,0,0,0
"elektronische post",2,6,19,2,2,2,0,0,0,0
"englisch französisch",2,19,32,2,2,2,0,0,0,0
"erecht24 datenschutzerklärung",2,0,,2,2,2,0,0,0,0
"es ist",2,10,56,2,2,2,0,0,0,0
"es wird",2,7,45,2,2,2,0,0,0,0
"explicitly stated",2,8,17,2,2,0,2,0,0,0
"external page",2,0,,2,2,0,2,0,0,0
"external site",2,0,,2,2,0,2,0,0,0
"facebook die",2,6,35,2,2,2,0,0,0,0
"facebook plugins",2,22,30,2,2,0,2,0,0,0
"facebook skype",2,13,35,2,2,0,2,0,0,0
"falls nicht",2,8,24,2,2,2,0,0,0,0
"fax telefon",2,8,24,2,2,2,0,0,0,0
"find google",2,21,42,2,2,0,2,0,0,0
"flughafen frankfurt",2,40,42,2,2,2,0,0,0,0
"folgenden link",2,0,,2,2,2,0,0,0,0
"frameworks jquery",2,0,,2,2,2,0,0,0,0
"functionality cookies",2,7,8,2,2,0,2,0,0,0
"future directions",2,22,34,2,2,0,2,0,0,0
"für alle",2,13,63,2,2,2,0,0,0,0
"für die",2,8,74,2,2,2,0,0,0,0
"ganz einfach",2,11,47,2,2,2,0,0,0,0
"gefällt mir",2,20,38,2,2,2,0,0,0,0
"general description",2,20,32,2,2,1,1,0,0,0
"georg bauer",2,10,19,2,2,2,0,0,0,0
"german version",2,11,44,2,2,1,1,0,0,0
"goo gle",2,31,18,2,2,2,0,0,0,0
"google admanager",2,18,12,2,2,2,0,0,0,0
"google bildersuche",2,42,22,2,2,2,0,0,0,0
"google buchsuche",2,0,,2,2,2,0,0,0,0
"google cache",2,47,39,2,2,1,1,0,0,0
"google company",2,43,36,2,2,1,1,0,0,0
"google cookie",2,18,23,2,2,1,1,0,0,0
"google data",2,37,46,2,2,0,2,0,0,0
"google des",2,0,,2,2,2,0,0,0,0
"google deutschland",2,30,28,2,2,2,0,0,0,0
"google finden",2,0,,2,2,2,0,0,0,0
"google follow",2,10,32,2,2,2,0,0,0,0
"google forms",2,81,37,2,2,1,1,0,0,0
"google impressum",2,7,26,2,2,2,0,0,0,0
"google instagram",2,29,40,2,2,1,1,0,0,0
"google irland",2,11,9,2,2,2,0,0,0,0
"google login",2,60,59,2,2,1,1,0,0,0
"google nas",2,12,24,2,2,2,0,0,0,0
"google places",2,43,47,2,2,1,1,0,0,0
"google policies",2,11,24,2,2,0,2,0,0,0
"google reader",2,43,48,2,2,1,1,0,0,0
"google streetview",2,38,56,2,2,2,0,0,0,0
"google tracking",2,35,32,2,2,2,0,0,0,0
"google video",2,55,44,2,2,1,1,0,0,0
"google youtube",2,50,50,2,2,0,2,0,0,0
"gps koordinaten",2,24,37,2,2,2,0,0,0,0
"green bond",2,27,33,2,2,2,0,0,0,0
"greta garbo",2,47,33,2,2,2,0,0,0,0
"grüne warenhaus",2,0,,2,2,2,0,0,0,0
"hackescher markt",2,28,26,2,2,2,0,0,0,0
"hamburg telefon",2,0,,2,2,2,0,0,0,0
"handels gmbh",2,7,50,2,2,2,0,0,0,0
"harburg rathaus",2,8,14,2,2,2,0,0,0,0
"harcourt street",2,16,22,2,2,0,2,0,0,0
"herzlichen dank",2,26,39,2,2,2,0,0,0,0
"herzlichen glückwunsch",2,0,,2,2,2,0,0,0,0
"historical center",2,10,39,2,2,0,2,0,0,0
"homotopy theory",2,20,25,2,2,0,2,0,0,0
"hot spots",2,32,45,2,2,0,2,0,0,0
"hotel antonius",2,0,,2,2,0,2,0,0,0
"hotel birkenhof",2,10,29,2,2,2,0,0,0,0
"hotel garni",2,20,47,2,2,2,0,0,0,0
"html cookie",2,14,54,2,2,0,2,0,0,0
"humboldt university",2,37,26,2,2,0,2,0,0,0
"ich bin",2,31,60,2,2,2,0,0,0,0
"ich habe",2,22,52,2,2,2,0,0,0,0
"id info",2,7,59,2,2,1,1,0,0,0
"id nr",2,0,,2,2,2,0,0,0,0
"id show",2,8,57,2,2,1,1,0,0,0
"ihr interesse",2,7,38,2,2,2,0,0,0,0
"im google",2,13,39,2,2,2,0,0,0,0
"impressum agb",2,0,,2,2,2,0,0,0,0
"info kontakt",2,0,,2,2,2,0,0,0,0
"interaktive karte",2,9,41,2,2,2,0,0,0,0
"interne links",2,0,,2,2,2,0,0,0,0
"interner link",2,0,,2,2,2,0,0,0,0
"internet info",2,10,44,2,2,2,0,0,0,0
"irish law",2,8,28,2,2,0,2,0,0,0
"ist mit",2,15,51,2,2,2,0,0,0,0
"jetzt spenden",2,0,,2,2,2,0,0,0,0
"jetzt testen",2,0,,2,2,2,0,0,0,0
"jobs datenschutz",2,0,,2,2,2,0,0,0,0
"karin krug",2,0,,2,2,2,0,0,0,0
"kitchen unit",2,23,40,2,2,2,0,0,0,0
"kontakt dr",2,8,36,2,2,2,0,0,0,0
"kontakt impressum",2,0,,2,2,2,0,0,0,0
"kostenlose parkplätze",2,7,17,2,2,2,0,0,0,0
"köln altstadt",2,13,27,2,2,2,0,0,0,0
"lab tools",2,24,34,2,2,0,2,0,0,0
"large bathroom",2,12,42,2,2,2,0,0,0,0
"le droit",2,32,56,2,2,0,0,0,2,0
"lead forensics",2,31,20,2,2,0,2,0,0,0
"legal standards",2,9,24,2,2,0,2,0,0,0
"leipzig tel",2,0,,2,2,2,0,0,0,0
"lesen sie",2,10,49,2,2,2,0,0,0,0
"liebe freunde",2,0,,2,2,2,0,0,0,0
"line shop",2,28,57,2,2,0,2,0,0,0
"link youtube",2,27,42,2,2,1,1,0,0,0
"links abbiegen",2,9,17,2,2,2,0,0,0,0
"lothringer str",2,0,,2,2,2,0,0,0,0
"lr group",2,10,20,2,2,2,0,0,0,0
"ma ti",2,0,,2,2,2,0,0,0,0
"mail admin",2,7,46,2,2,1,0,0,1,0
"mail anmelden",2,0,,2,2,2,0,0,0,0
"mail beratung",2,0,,2,2,2,0,0,0,0
"mail google",2,53,59,2,2,1,1,0,0,0
"mail internet",2,0,,2,2,2,0,0,0,0
"mail online",2,60,59,2,2,2,0,0,0,0
"mail process",2,7,25,2,2,0,2,0,0,0
"mail sales",2,0,,2,2,0,2,0,0,0
"managing information",2,13,32,2,2,0,2,0,0,0
"map service",2,11,56,2,2,0,2,0,0,0
"maps dr",2,0,,2,2,2,0,0,0,0
"maps google",2,73,77,2,2,1,1,0,0,0
"marc müller",2,8,17,2,2,2,0,0,0,0
"marketing brandenburg",2,0,,2,2,2,0,0,0,0
"marketing gmbh",2,0,,2,2,1,1,0,0,0
"marketing purposes",2,0,,2,2,0,2,0,0,0
"marlowe nature",2,0,,2,2,2,0,0,0,0
"mayan calendar",2,43,31,2,2,2,0,0,0,0
"media buttons",2,14,33,2,2,2,0,0,0,0
"media gmbh",2,10,50,2,2,2,0,0,0,0
"medien gmbh",2,0,,2,2,2,0,0,0,0
"mehr info",2,0,,2,2,2,0,0,0,0
"mehr infos",2,0,,2,2,2,0,0,0,0
"mehr lesen",2,9,42,2,2,2,0,0,0,0
"messe nürnberg",2,24,24,2,2,2,0,0,0,0
"microsoft services",2,26,48,2,2,0,2,0,0,0
"mit auto",2,0,,2,2,2,0,0,0,0
"mit den",2,8,62,2,2,2,0,0,0,0
"mit ec",2,22,29,2,2,2,0,0,0,0
"moral progress",2,16,20,2,2,0,2,0,0,0
"moving heat",2,0,,2,2,0,2,0,0,0
"märkische schweiz",2,17,23,2,2,1,1,0,0,0
"nach vereinbarung",2,11,33,2,2,2,0,0,0,0
"national museum",2,44,58,2,2,1,1,0,0,0
"natural persons",2,20,24,2,2,0,2,0,0,0
"nein ja",2,0,,2,2,2,0,0,0,0
"net telefon",2,0,,2,2,2,0,0,0,0
"net web",2,14,71,2,2,2,0,0,0,0
"newsletter anmelden",2,7,39,2,2,2,0,0,0,0
"online content",2,21,55,2,2,0,2,0,0,0
"online offer",2,21,55,2,2,0,2,0,0,0
"online offers",2,28,57,2,2,0,2,0,0,0
"opel kadett",2,38,48,2,2,2,0,0,0,0
"optimizing website",2,0,,2,2,0,2,0,0,0
"oriented design",2,7,34,2,2,1,1,0,0,0
"par exemple",2,24,33,2,2,0,0,0,2,0
"partner kontakt",2,0,,2,2,1,1,0,0,0
"partner management",2,17,42,2,2,2,0,0,0,0
"party provider",2,0,,2,2,0,2,0,0,0
"party websites",2,0,,2,2,0,2,0,0,0
"pcr tests",2,9,20,2,2,0,2,0,0,0
"peer mentoring",2,21,27,2,2,0,2,0,0,0
"performance advertising",2,16,25,2,2,2,0,0,0,0
"philipp ewald",2,0,,2,2,2,0,0,0,0
"php youtube",2,21,51,2,2,1,1,0,0,0
"planet pc",2,13,33,2,2,2,0,0,0,0
"playing videos",2,7,37,2,2,0,2,0,0,0
"plugin wordfence",2,0,,2,2,2,0,0,0,0
"porta westfalica",2,26,47,2,2,2,0,0,0,0
"prenzlauer berg",2,36,43,2,2,2,0,0,0,0
"privacy online",2,19,45,2,2,2,0,0,0,0
"privacy pinterest",2,0,,2,2,2,0,0,0,0
"privacy whatsapp",2,0,,2,2,2,0,0,0,0
"privacy yelp",2,0,,2,2,2,0,0,0,0
"processing operations",2,10,29,2,2,0,2,0,0,0
"protection regulation",2,0,,2,2,0,2,0,0,0
"quantile regression",2,32,23,2,2,0,2,0,0,0
"range measurement",2,10,25,2,2,0,2,0,0,0
"rathaus steglitz",2,19,17,2,2,2,0,0,0,0
"red panda",2,60,39,2,2,0,2,0,0,0
"reisen gmbh",2,0,,2,2,2,0,0,0,0
"relaxation method",2,20,18,2,2,0,2,0,0,0
"retargeting technology",2,0,,2,2,0,2,0,0,0
"river view",2,27,48,2,2,2,0,0,0,0
"robert kneschke",2,0,,2,2,2,0,0,0,0
"scalar wave",2,18,21,2,2,0,2,0,0,0
"scientific publications",2,16,41,2,2,0,2,0,0,0
"search field",2,19,66,2,2,0,2,0,0,0
"sehr empfehlenswert",2,7,24,2,2,2,0,0,0,0
"seidel method",2,9,14,2,2,0,2,0,0,0
"send information",2,11,37,2,2,0,2,0,0,0
"set cookies",2,16,45,2,2,0,2,0,0,0
"share button",2,39,65,2,2,1,1,0,0,0
"shopping basket",2,35,60,2,2,0,2,0,0,0
"show info",2,8,58,2,2,0,2,0,0,0
"si elle",2,13,36,2,2,0,0,0,2,0
"siehe oben",2,7,16,2,2,2,0,0,0,0
"siehe unten",2,15,26,2,2,2,0,0,0,0
"similar audiences",2,9,13,2,2,0,2,0,0,0
"sind sie",2,8,49,2,2,2,0,0,0,0
"site notice",2,8,42,2,2,0,2,0,0,0
"software programs",2,28,49,2,2,0,2,0,0,0
"solutions gmbh",2,0,,2,2,2,0,0,0,0
"source software",2,9,55,2,2,0,2,0,0,0
"soziale netzwerke",2,25,38,2,2,2,0,0,0,0
"special issue",2,21,48,2,2,0,2,0,0,0
"ssl certificate",2,54,52,2,2,0,2,0,0,0
"stadt gronau",2,0,,2,2,2,0,0,0,0
"start searching",2,0,,2,2,0,2,0,0,0
"statistical purposes",2,0,,2,2,0,2,0,0,0
"store data",2,21,50,2,2,0,2,0,0,0
"stuttgart info",2,0,,2,2,2,0,0,0,0
"suchmaschinen optimierung",2,9,31,2,2,2,0,0,0,0
"suchmaschineneintrag google",2,0,,2,2,2,0,0,0,0
"support area",2,9,49,2,2,0,2,0,0,0
"systemhaus gmbh",2,0,,2,2,2,0,0,0,0
"theme freesia",2,13,13,2,2,2,0,0,0,0
"tom moody",2,31,25,2,2,2,0,0,0,0
"tools youtube",2,23,37,2,2,0,2,0,0,0
"torsion field",2,17,18,2,2,0,2,0,0,0
"tracking tool",2,14,35,2,2,0,2,0,0,0
"tschechische republik",2,22,43,2,2,2,0,0,0,0
"tu berlin",2,46,37,2,2,0,2,0,0,0
"tunnel club",2,15,24,2,2,2,0,0,0,0
"twitch interactive",2,23,17,2,2,0,2,0,0,0
"twitter tweet",2,32,76,2,2,2,0,0,0,0
"um online",2,9,48,2,2,2,0,0,0,0
"um uns",2,29,35,2,2,2,0,0,0,0
"und weitere",2,0,,2,2,2,0,0,0,0
"unser service",2,0,,2,2,2,0,0,0,0
"unsere empfehlung",2,0,,2,2,2,0,0,0,0
"unsere partner",2,0,,2,2,2,0,0,0,0
"unsere standorte",2,0,,2,2,2,0,0,0,0
"usa te",2,18,25,2,2,2,0,0,0,0
"vg wort",2,29,35,2,2,2,0,0,0,0
"view instagram",2,22,51,2,2,0,2,0,0,0
"virtual assistants",2,28,40,2,2,0,2,0,0,0
"von ihnen",2,8,42,2,2,2,0,0,0,0
"von youtube",2,0,,2,2,2,0,0,0,0
"vous trouverez",2,19,38,2,2,0,0,0,2,0
"wanderbares deutschland",2,9,22,2,2,2,0,0,0,0
"web push",2,28,34,2,2,2,0,0,0,0
"website experience",2,7,35,2,2,0,2,0,0,0
"website youtube",2,11,31,2,2,0,2,0,0,0
"weiter unten",2,0,,2,2,2,0,0,0,0
"weitere infos",2,9,43,2,2,2,0,0,0,0
"wenn ich",2,8,45,2,2,2,0,0,0,0
"wir bieten",2,0,,2,2,2,0,0,0,0
"wir bitten",2,0,,2,2,2,0,0,0,0
"wir empfehlen",2,0,,2,2,2,0,0,0,0
"wir machen",2,19,51,2,2,2,0,0,0,0
"wir sind",2,13,61,2,2,2,0,0,0,0
"wir werden",2,0,,2,2,2,0,0,0,0
"wir wünschen",2,0,,2,2,2,0,0,0,0
"wolff gmbh",2,0,,2,2,1,1,0,0,0
"wordpress impressum",2,8,19,2,2,1,1,0,0,0
"world vision",2,53,51,2,2,2,0,0,0,0
"xing ag",2,11,22,2,2,0,2,0,0,0
"xing impressum",2,0,,2,2,2,0,0,0,0
"youtube plug",2,0,,2,2,0,2,0,0,0
"youtube service",2,16,32,2,2,0,2,0,0,0
"zendesk chat",2,41,24,2,2,0,2,0,0,0
"zentrale dienste",2,0,,2,2,2,0,0,0,0
"zuletzt aktualisiert",2,0,,2,2,2,0,0,0,0
"zum einsatz",2,0,,2,2,2,0,0,0,0
"algebraic differential equations",3,6,17,2,2,0,2,0,0,0
"auf der seite",3,8,45,2,2,2,0,0,0,0
"auf dieser webseite",3,0,,2,2,2,0,0,0,0
"besteht die möglichkeit",3,9,19,2,2,2,0,0,0,0
"bewerten sie uns",3,0,,2,2,2,0,0,0,0
"burning fossil fuel",3,10,13,2,2,0,2,0,0,0
"dar es salaam",3,50,48,2,2,0,2,0,0,0
"datenschutzrichtlinien von youtube",3,0,,2,2,2,0,0,0,0
"de social media",3,0,,2,2,2,0,0,0,0
"deutscher karpfen angelclub",3,0,,2,2,2,0,0,0,0
"doubleclick ad exchange",3,22,15,2,2,0,2,0,0,0
"doubleclick rich media",3,6,11,2,2,0,2,0,0,0
"download mozilla firefox",3,56,36,2,2,1,1,0,0,0
"embed vimeo videos",3,0,,2,2,0,2,0,0,0
"enfold wordpress theme",3,29,17,2,2,2,0,0,0,0
"es ist möglich",3,7,26,2,2,2,0,0,0,0
"für den fall",3,0,,2,2,2,0,0,0,0
"google advertising settings",3,8,4,2,2,0,2,0,0,0
"google data studio",3,53,26,2,2,0,2,0,0,0
"google maps dk",3,12,26,2,2,2,0,0,0,0
"google maps plugin",3,21,23,2,2,0,2,0,0,0
"hinweise zum datenschutz",3,0,,2,2,2,0,0,0,0
"höhe über nn",3,8,7,2,2,2,0,0,0,0
"immer wieder gerne",3,12,23,2,2,2,0,0,0,0
"informationen zum datenschutz",3,0,,2,2,2,0,0,0,0
"integrated software solution",3,0,,2,2,0,2,0,0,0
"java script code",3,21,24,2,2,0,2,0,0,0
"johann sebastian bach",3,63,44,2,2,1,1,0,0,0
"kauf auf rechnung",3,22,41,2,2,2,0,0,0,0
"lesen sie mehr",3,0,,2,2,2,0,0,0,0
"linkedin und xing",3,7,15,2,2,2,0,0,0,0
"melden sie sich",3,0,,2,2,2,0,0,0,0
"mit dem zug",3,0,,2,2,2,0,0,0,0
"monotype web fonts",3,0,,2,2,0,2,0,0,0
"online job applications",3,27,24,2,2,0,2,0,0,0
"online payment service",3,11,28,2,2,1,1,0,0,0
"open street map",3,50,31,2,2,2,0,0,0,0
"politica sulla privacy",3,0,,2,2,0,0,0,0,2
"privacy policy twitter",3,0,,2,2,2,0,0,0,0
"sehr zu empfehlen",3,9,22,2,2,2,0,0,0,0
"standard contractual clauses",3,15,13,2,2,0,2,0,0,0
"twitter und facebook",3,0,,2,2,2,0,0,0,0
"um zu sehen",3,7,30,2,2,2,0,0,0,0
"web analytics services",3,0,,2,2,0,2,0,0,0
"web server logs",3,11,16,2,2,0,2,0,0,0
"webseite erstellen lassen",3,13,19,2,2,2,0,0,0,0
"wer macht mit",3,0,,2,2,2,0,0,0,0
"wie komme ich",3,7,37,2,2,2,0,0,0,0
"wikipedia data collection",3,7,6,2,2,0,2,0,0,0
"wir treffen uns",3,0,,2,2,2,0,0,0,0
"auf der rechten seite",4,7,22,2,2,2,0,0,0,0
"danke für ihr verständnis",4,16,6,2,2,2,0,0,0,0
"datenschutzerklärung für google analytics",4,0,,2,2,2,0,0,0,0
"diese seite verwendet cookies",4,0,,2,2,2,0,0,0,0
"european data protection law",4,17,22,2,2,0,2,0,0,0
"google 1600 amphitheatre parkway",4,15,6,2,2,1,1,0,0,0
"linkedin ireland unlimited company",4,7,5,2,2,1,1,0,0,0
"mit bus und bahn",4,0,,2,2,2,0,0,0,0
"mit den öffentlichen verkehrsmitteln",4,0,,2,2,2,0,0,0,0
"semmel concerts entertainment gmbh",4,7,13,2,2,2,0,0,0,0
"von links nach rechts",4,7,21,2,2,2,0,0,0,0
"überzeugen sie sich selbst",4,0,,2,2,2,0,0,0,0
"eu general data protection regulation",5,19,26,2,2,0,2,0,0,0
"haben wir ihr interesse geweckt",5,0,,2,2,2,0,0,0,0
"wir bitten um ihr verständnis",5,0,,2,2,2,0,0,0,0
"wir freuen uns auf dich",5,7,14,2,2,2,0,0,0,0
